인파에게배마가,1400,배틀마스터,0
데카잘먹는언니,1415,소서리스,0
이직업은신규직업입니다,1400,데빌헌터,0
변신하는벌레,1415,데모닉,0
105mm견인포병,1430,블래스터,0
무신론자의홀나,1432,홀리나이트,0
뒤로가는허수아비,1447,워로드,0
제주도박진수,1430,아르카나,0
메난민받아주세요,1460,창술사,0
고철덩어리굴러가요,1351,스카우터,0
엔첼릿,1370,블레이드,1
퇴근이다집에갈거야저리가,1415,워로드,1
메이스트리아,1440,소서리스,1
라첼릿,1385,리퍼,1
하프로구하는세상,1415,바드,1
루첼릿,1403,서머너,1
에플릿,1460,건슬링어,1
샷건잘쏘는언니,1307,건슬링어,2
살고싶으면빌어봐,1432,바드,2
이쑤시개꽂이,1415,기공사,2
미래의치킨집,1425,스카우터,2
원펀치갈비뼈,1450,인파이터,2
미래의미중년,1470,홀리나이트,2
언제나워붕워붕,1302,워로드,2
쌍검은트릭이다,1403,블레이드,3
모코코아이조아,1437,바드,3
쓸데없이멋있는모코코,1425,호크아이,3
밑장빼기그만,1417,아르카나,3
리디미디,1056,건슬링어,3
니나브산모코코,1310,소서리스,3
마법사의로망이루어지는가,1420,소서리스,4
캠프파이어1랭크밀레시안,1417,홀리나이트,4
머리물미역아니에요,1370,건슬링어,4
변신캐릭터는못참지,1417,데모닉,4
나사빠진서머너,1370,서머너,4
원기옥써보고싶어서만든캐,1370,기공사,4
입에검안물어요,1370,블레이드,4
12글자나되니까꽉채웠음,1457,창술사,4
발헤임할래요,1355,블래스터,5
발헤임해요,1415,창술사,5
발헤임할꺼에요,1460,디스트로이어,5
발헤임합시다,1430,스카우터,5
치코리타의환생,1417,바드,5
퐁퐁이퐁퐁이퐁퐁,1344,서머너,6
넬라아님넬라굿하지마요,1415,홀리나이트,6
퇴근하는떼바씨,302.0,소서리스,6
칼이너무무거웡,1430,버서커,6
아리아나그렇죠,1460,인파이터,6
이츠나라미아,1417,워로드,6
아이스쇼콜라봉봉,1370,홀리나이트,7
아이스바닐라커피,1415,건슬링어,7
아이스돌체커피,1325,건슬링어,7
